Source,Target
浓,蓉
晖,衣
留,呦
群,云
来,开
船,蝉
初,徐
心,寻
间,山
虚,鱼
诗,迟
成,轻
殊,胡
阿,过
张,堂
群,军
名,卿
多,何
中,同
悬,怜
桥,霄
清,莺
支,池
花,蛇
开,梅
泉,绵
香,凉
池,䍦
云,文
何,多
书,庐
移,儿
时,诗
长,枪
年,泉
思,诗
花,鸦
餐,寒
毛,高
仪,枝
添,尖
迟,时
头,愁
过,多
娱,须
夫,虞
衰,悲
星,灵
能,腾
遥,飘
腰,遥
翁,风
看,安
离,移
深,心
繁,论
波,多
回,灰
春,人
怜,天
年,天
清,生
群,醺
稠,楼
亲,神
除,居
寥,朝
壕,桃
过,多
台,开
齐,迷
阴,心
荣,轻
卑,为
红,匆
深,琳
人,春
间,山
同,东
繁,魂
居,疏
苓,冥
存,村
期,诗
州,由
围,归
游,愁
宫,空
沙,家
时,悲
强,长
归,微
间,关
回,来
亭,青
繁,源
低,泥
泉,传
家,沙
天,传
间,山
群,云
光,墙
归,辉
难,乾
知,儿
声,明
然,莲
门,魂
风,农
多,河
高,桃
非,归
花,笳
明,清
安,端
稀,归
砧,心
人,亲
飞,衣
何,波
持,疑
疏,除
残,寒
安,残
衣,归
行,城
多,何
城,平
何,多
鸥,游
讹,波
餐,难
深,心
装,芒
深,音
伦,尘
原,尊
天,烟
阴,深
前,眠
迷,栖
期,迟
坡,多
悬,拳
秋,求
悬,船
梅,来
家,花
新,人
寥,朝
旁,裳
堂,香
流,洲
来,台
之,丝
劳,皋
低,西
知,池
中,翁
林,深
书,居
黄,塘
公,穷
寒,乾
兵,城
弓,中
戈,多
齐,西
春,人
轻,生
斜,沙
清,成
晨,人
生,声
痕,门
时,迟
行,明
关,山
迟,时
幽,舟
迟,梨
晡,须
飞,晖
青,亭
柯,多
山,颜
君,云
钱,悬
幽,游
时,私
巢,梢
流,浮
沾,帘
飘,条
坤,门
劳,曹
哉,来
人,尘
居,蔬
家,斜
堂,场
来,才
归,辉
难,看
时,迟
炉,图
云,闻
床,茫
人,尘
身,神
船,边
偏,传
程,明
多,和
毛,号
行,明
啼,低
家,沙
赊,花
晴,清
雄,东
情,行
峰,容
翁,同
艰,山
君,分
传,边
哀,才
州,流
明,声
风,中
斜,华
间,还
迷,栖
园,存
辰,春
筵,边
平,轻
头,游
深,阴
堂,梁
门,翻
园,繁
船,前
床,行
中,风
天,巅
归,飞
壶,途
星,萤
游,留
方,狂
光,凉
隅,无
横,情
时,旗
机,围
难,鞍
多,歌
年,天
狼,望
均,春
凋,朝
疑,迟
行,情
荷,多
城,行
归,机
时,枝
边,天
秋,州
围,稀
墙,长
归,扉
兵,明
长,茫
来,回
开,回
波,罗
流,舟
芳,鸯
林,襟
情,轻
轻,荆
波,多
堂,凉
春,身
隅,途
然,前
寥,朝
乡,长
行,声
游,留
涛,高
云,纷
郎,长
坟,云
年,川
迷,嘶
无,呼
寒,端
青,泠
边,船
稀,辉
鹅,多
难,乾
坊,忙
休,求
池,枝
瞻,帘
墙,凉
堤,迷
深,林
城,声
深,心
年,泉
红,风
苔,材
生,荣
京,生
奇,为
今,吟
亡,郎
欢,滩
斜,蛇
根,门
舟,流
强,长
消,遥
门,尊
临,心
山,间
州,流
枝,随
关,山
歌,波
多,歌
庄,霜
齐,啼
中,丛
分,云
城,清
娟,悬
门,翻
微,稀
头,楼
城,生
频,春
亭,青
要,朝
昏,门
虚,疏
盐,添
还,山
城,名
圭,梯
期,时
君,群
青,亭
沙,涯
郎,行
园,繁
黄,香
虚,墟
违,归
长,光
红,风
群,闻
家,花
香,裳
林,深
齐,泥
摧,来
悬,天
家,花
东,同
溪,畦
川,泉
间,山
间,山
新,匀
贫,人
骑,池
身,新
功,童
门,豚
墙,王
边,天
长,航
楼,游
头,楼
侵,深
然,钱
蛮,山
林,心
门,根
风,宫
移,池
人,春
床,长
离,知
前,迁
关,颜
临,金
心,临
秋,舟
仙,年
悲,时
关,山
人,巾
秋,裘
辰,身
儒,孤
蹄,溪
园,飧
风,同
间,还
根,痕
筹,楼
扉,依
疏,虚
开,台
梳,除
翁,童
流,舟
翁,聋
青,庭
东,风
山,蛮
文,云
林,阴
雷,来
新,人
清,明
弦,天
开,回
归,飞
秋,舟
州,秋
船,天
无,苏
来,回
新,频
门,园
刀,高
城,明
秋,流
身,人
秋,裘
新,人
来,开
侵,深
深,林
楼,钩
行,明
丝,迟
归,霏
迟,饥
微,飞
闻,云
无,孤
中,风
分,云
雷,回
时,疑
含,参
开,来
暄,尊
眠,蝉
稀,归
兵,明
心,深
辉,违
功,童
杯,开
文,纷
非,归
终,宫
难,寒
为,匙
心,琴
游,楼
边,天
蛮,山
居,鱼
城,情
州,瘳
春,人
鸰,经
回,来
留,秋
难,寒
州,秋
风,中
场,章
腰,樵
明,情
遮,华
江,窗
烟,眠
居,书
畦,携
高,骚
云,群
云,群
秋,楼
过,萝
人,身
重,松
辞,缁
中,翁
身,人
牵,船
塘,王
舟,头
城,清
门,藩
悲,时
来,台
身,神
频,春
州,秋
贫,人
岑,深
群,云
饶,苗
枝,知
新,身
鱼,蔬
俱,厨
三,惭
骝,楸
时,迟
多,何
浓,重
归,违
船,天
亭,青
长,忙
微,飞
红,同
多,歌
琴,襟
儿,为
绳,澄
船,川
船,边
边,船
车,葭
头,浮
城,清
城,平
行,鸣
安,难
閒,颜
层,灯
呼,湖
楼,浮
晴,城
名,程
亭,青
春,尘
斜,沙
开,来
州,浮
遥,苗
赊,华
间,山
摧,材
清,情
郎,光
分,云
疏,书
游,邮
秋,愁
深,音
辞,时
纷,云
家,花
簪,南
新,人
归,飞
云,群
春,人
年,船
庭,星
身,人
沙,鸦
开,回
阴,心
开,来
臣,秦
魂,论
茫,黄
流,鸥
青,醒
来,开
来,回
戎,宫
归,衣
花,霞
新,春
横,名
时,遗
怜,田
时,旗
兼,添
亭,青
传,天
门,昏
州,游
滩,寒
为,离
峰,重
劳,旄
真,人
舆,鱼
垂,枝
盆,昏
贫,驯
湖,无
新,人
家,花
师,时
隈,杯
连,船
痕,村
蒸,升
难,干
天,牵
惊,鸣
陂,枝
衣,稀
分,闻
春,神
幽,丘
森,音
时,兹
归,稀
黄,郎
非,闱
时,丝
台,开
幽,愁
前,天
旌,兵
幽,鸥
关,间
光,香
高,毛
朝,箫
新,春
仪,移
颜,还
筵,传
开,回
声,明
遮,花
中,风
阴,深
森,阴
通,中
行,香
芳,长
城,生
朝,姚
秋,愁
裳,狂
亭,萍
阴,吟
回,来
然,筵
州,由
笼,同
滨,新
尘,人
裳,香
鞍,宽
临,今
来,开
消,条
桥,遥
秋,楼
微,飞
怜,船
欢,冠
窗,江
稀,非
人,秦
回,开
啼,凄
郊,梢
游,求
村,昏
开,来
生,成
华,查
头,游
攀,间
州,侯
重,封
凄,溪
才,回
旗,丝
微,衣
何,过
微,飞
来,台
开,来
居,鱼
寒,乾
冥,青
年,边
湲,传
宵,摇
宫,中
哀,台
开,来
人,唇
人,神
人,亲
多,河
明,城
侵,心
休,愁
销,寥
飞,稀
贤,筵
间,关
人,巡
残,看
人,亲
悲,时
间,山
忧,流
凉,央
浪,香
桃,高
冠,看
来,灰
新,人
看,寒
沙,华
钟,重
何,多
杯,开
忧,头
愁,稠
成,轻
师,时
浓,重
晖,归
留,求
群,分
来,哉
船,天
初,馀
心,金
间,关
虚,车
诗,丝
成,生
殊,呼
阿,河
张,长
群,云
名,行
多,歌
中,公
悬,年
桥,招
清,羹
支,知
花,赊
开,来
泉,钱
香,藏
池,儿
云,分
何,歌
书,鱼
移,陂
时,丝
长,粱
年,田
思,迟
花,斜
餐,难
毛,袍
仪,披
添,髯
迟,丝
头,浮
过,何
娱,酤
夫,垆
衰,疑
星,铭
能,冰
遥,骄
腰,朝
翁,红
看,寒
离,枝
深,金
繁,村
波,蛾
回,开
春,新
怜,前
年,联
清,明
群,云
稠,休
亲,身
除,书
寥,尧
壕,高
过,珂
台,来
齐,低
阴,深
荣,清
卑,知
红,空
深,心
人,新
间,颜
同,红
繁,尊
居,鱼
苓,形
存,痕
期,时
州,忧
围,飞
游,秋
宫,风
沙,斜
时,迟
强,骦
归,稀
间,还
回,开
亭,星
繁,村
低,西
泉,边
家,瓜
天,泉
间,还
群,分
光,堂
归,飞
难,寒
知,池
声,生
然,禅
门,昏
风,红
多,驼
高,牢
非,衣
花,斜
明,城
安,寒
稀,机
砧,深
人,晨
飞,微
何,多
持,辞
疏,如
残,阑
安,难
衣,微
行,清
多,戈
城,明
何,过
鸥,收
讹,歌
餐,寒
深,今
装,藏
深,沈
伦,人
原,门
天,年
阴,沈
前,悬
迷,低
期,葵
坡,萝
悬,鞭
秋,头
悬,年
梅,开
家,赊
新,巾
寥,桥
旁,香
堂,囊
流,鸥
来,回
之,迟
劳,曹
低,鼙
知,移
中,蓬
林,音
书,疏
黄,郎
公,笼
寒,宽
兵,缨
弓,功
戈,它
齐,啼
春,新
轻,橙
斜,花
清,生
晨,频
生,明
痕,园
时,私
行,生
关,攀
迟,诗
幽,游
迟,怡
晡,扶
飞,违
青,听
柯,何
山,还
君,裙
钱,烟
幽,留
时,迟
巢,庖
流,谋
沾,添
飘,尧
坤,魂
劳,高
哉,开
人,亲
居,书
家,沙
堂,香
来,台
归,稀
难,鞍
时,期
炉,孤
云,群
床,长
人,秦
身,春
船,旋
偏,船
程,轻
多,柯
毛,高
行,惊
啼,栖
家,嗟
赊,斜
晴,名
雄,通
情,荣
峰,龙
翁,中
艰,斑
君,云
传,钱
哀,杯
州,鸥
明,生
风,翁
斜,沙
间,山
迷,鞞
园,繁
辰,新
筵,传
平,生
头,幽
深,金
堂,忘
门,尊
园,尊
船,偏
床,香
中,通
天,然
归,衣
壶,凫
星,铭
游,求
方,亡
光,长
隅,呼
横,行
时,迟
机,归
难,坛
多,戈
年,边
狼,裳
均,新
凋,遥
疑,词
行,城
荷,过
城,惊
归,威
时,悲
边,泉
秋,裘
围,威
墙,香
归,稀
兵,清
长,皇
来,开
开,来
波,歌
流,头
芳,香
林,心
情,生
轻,清
波,歌
堂,长
春,新
隅,夫
然,眠
寥,遥
乡,光
行,情
游,洲
涛,袍
云,分
郎,苍
坟,君
年,然
迷,溪
无,鼯
寒,阑
青,星
边,天
稀,飞
鹅,波
难,盘
坊,荒
休,游
池,知
瞻,沾
墙,香
堤,低
深,吟
城,擎
深,寻
年,穿
红,翁
苔,开
生,名
京,营
奇,枝
今,深
亡,长
欢,宽
斜,沙
根,恩
舟,休
强,忘
消,骄
门,猿
临,深
山,班
州,楼
枝,危
关,还
歌,多
多,过
庄,黄
齐,凄
中,风
分,闻
城,情
娟,烟
门,喧
微,飞
头,筹
城,情
频,身
亭,星
要,销
昏,村
虚,如
盐,帘
还,斑
城,平
圭,西
期,迟
君,云
青,醒
沙,华
郎,伤
园,喧
黄,尝
虚,锄
违,非
长,房
红,同
群,云
家,沙
香,黄
林,吟
齐,蹄
摧,哀
悬,圆
家,沙
东,风
溪,蹊
川,焉
间,关
间,颜
新,春
贫,身
骑,垂
身,频
功,红
门,村
墙,阳
边,船
长,茫
楼,鸥
头,愁
侵,金
然,船
蛮,关
林,深
门,尊
风,同
移,儿
人,神
床,香
离,枝
前,边
关,山
临,深
心,侵
秋,流
仙,船
悲,辞
关,还
人,轮
秋,楼
辰,尘
儒,疏
蹄,栖
园,根
风,丰
间,山
根,魂
筹,愁
扉,稀
疏,鱼
开,来
梳,书
翁,枫
流,裘
翁,空
青,萍
东,童
山,间
文,群
林,深
雷,开
新,轮
清,情
弦,悬
开,枚
归,肥
秋,游
州,裘
船,牵
无,菰
来,雷
新,人
门,根
刀,毛
城,倾
秋,愁
身,频
秋,忧
新,频
来,催
侵,琴
深,岑
楼,裘
行,声
丝,辞
归,衣
迟,悲
微,衣
闻,群
无,图
中,同
分,闻
雷,来
时,丝
含,贪
开,回
暄,村
眠,船
稀,微
兵,城
心,禁
辉,微
功,风
杯,回
文,闻
非,微
终,红
难,柈
为,随
心,临
游,休
边,仙
蛮,还
居,疏
城,声
州,楼
春,新
鸰,亭
回,开
留,舟
难,宽
州,楼
风,翁
场,皇
腰,寥
明,城
遮,查
江,双
烟,偏
居,鱼
畦,泥
高,曹
云,曛
云,文
秋,舟
过,多
人,新
重,慵
辞,时
中,穷
身,邻
牵,年
塘,霜
舟,浮
城,明
门,喧
悲,辞
来,开
身,人
频,臣
州,流
贫,春
岑,吟
群,闻
饶,飘
枝,奇
新,神
鱼,虚
俱,枢
三,堪
骝,收
时,悲
多,波
浓,供
归,衣
船,筵
亭,经
长,郎
微,违
红,风
多,荷
琴,深
儿,宜
绳,升
船,圆
船,娟
边,圆
车,花
头,秋
城,生
城,名
行,城
安,宽
閒,山
层,增
呼,孤
楼,舟
晴,生
名,明
亭,星
春,蘋
斜,花
开,杯
州,愁
遥,消
赊,斜
间,悭
摧,苔
清,羹
郎,凉
分,文
疏,如
游,秋
秋,优
深,林
辞,诗
纷,闻
家,赊
簪,楠
新,春
归,稀
云,曛
春,伦
年,前
庭,萍
身,新
沙,斜
开,才
阴,深
开,台
臣,人
魂,园
茫,良
流,州
青,亭
来,梅
来,台
戎,公
归,稀
花,车
新,身
横,城
时,祠
怜,天
时,词
兼,嫌
亭,声
传,船
门,存
州,鸥
滩,看
为,池
峰,钟
劳,遭
真,巾
舆,书
垂,知
盆,存
贫,人
湖,儒
新,春
家,瓜
师,迟
隈,来
连,圆
痕,门
蒸,冰
难,餐
天,筵
惊,情
陂,移
衣,辉
分,云
春,恂
幽,游
森,心
时,诗
归,飞
黄,长
非,稀
时,悲
台,来
幽,浮
前,烟
旌,清
幽,钩
关,殷
光,妨
高,曹
朝,桥
新,人
仪,知
颜,间
筵,前
开,来
声,征
遮,鸦
中,红
阴,心
森,心
通,功
行,裳
芳,香
城,晴
朝,招
秋,鸥
裳,乡
亭,宁
阴,襟
回,台
然,绵
州,愁
笼,宫
滨,人
尘,身
裳,簧
鞍,寒
临,侵
来,醅
消,朝
桥,朝
秋,收
微,违
怜,天
欢,寒
窗,双
稀,衣
人,身
回,催
啼,鞞
郊,巢
游,韝
村,魂
开,才
生,明
华,笳
头,秋
攀,班
州,舟
重,供
凄,啼
才,催
旗,时
微,稀
何,颇
微,违
来,猜
开,台
居,疏
寒,宽
冥,醒
年,眠
湲,船
宵,樵
宫,翁
哀,杯
开,梅
人,麟
人,春
人,宸
多,萝
明,轻
侵,吟
休,舟
销,貂
飞,衣
贤,篇
间,颜
人,神
残,难
人,真
悲,迟
间,还
忧,头
凉,光
浪,凉
桃,毫
冠,湍
来,梅
新,身
看,弹
沙,家
钟,容
何,过
杯,回
忧,流
愁,悠
成,清
师,思
浓,龙
晖,飞
留,愁
群,氲
来,回
船,毡
初,躇
心,吟
间,还
虚,除
诗,词
成,行
殊,芜
阿,多
张,忘
群,文
名,生
多,跎
中,风
悬,然
桥,遥
清,行
支,披
花,家
开,苔
泉,川
香,苍
池,随
云,纷
何,过
书,居
移,篱
时,期
长,皇
年,然
思,期
花,涯
餐,玕
毛,醪
仪,池
添,嫌
迟,诗
头,秋
过,歌
娱,吾
夫,无
衰,期
星,青
能,称
遥,萧
腰,飙
翁,空
看,乾
离,垂
深,簪
繁,轩
波,河
回,来
春,巾
怜,年
年,传
清,营
群,闻
稠,头
亲,人
除,初
寥,霄
壕,劳
过,何
台,回
齐,栖
阴,侵
荣,情
卑,儿
红,东
深,吟
人,巾
间,还
同,翁
繁,门
居,书
苓,醒
存,魂
期,丝
州,流
围,稀
游,留
宫,东
沙,誇
时,之
强,苍
归,围
间,颜
回,哀
亭,坰
繁,门
低,鞞
泉,然
家,花
天,边
间,斑
群,闻
光,长
归,威
难,坛
知,枝
声,兵
然,圆
门,源
风,空
多,过
高,毫
非,违
花,鸦
明,生
安,团
稀,飞
砧,音
人,真
飞,归
何,跎
持,兹
疏,初
残,盘
安,看
衣,飞
行,情
多,波
城,生
何,罗
鸥,忧
讹,戈
餐,看
深,吟
装,王
深,金
伦,神
原,喧
天,鞯
阴,林
前,贤
迷,携
期,匙
坡,何
悬,癫
秋,忧
悬,前
梅,回
家,砂
新,亲
寥,遥
旁,梁
堂,长
流,头
来,哀
之,时
劳,蒿
低,啼
知,随
中,同
林,吟
书,如
黄,房
公,同
寒,难
兵,惊
弓,同
戈,河
齐,迷
春,尘
轻,名
斜,赊
清,轻
晨,真
生,城
痕,喧
时,诗
行,情
关,还
迟,期
幽,忧
迟,时
晡,愚
飞,归
青,醒
柯,娑
山,间
君,闻
钱,眠
幽,愁
时,之
巢,郊
流,洲
沾,潜
飘,朝
坤,论
劳,滔
哉,回
人,真
居,如
家,赊
堂,浪
来,梅
归,扉
难,寒
时,悲
炉,壶
云,氛
床,将
人,春
身,人
船,传
偏,悬
程,城
多,波
毛,劳
行,鸣
啼,蹄
家,华
赊,家
晴,生
雄,空
情,生
峰,胸
翁,穷
艰,间
君,文
传,泉
哀,来
州,游
明,情
风,蓬
斜,家
间,斑
迷,泥
园,门
辰,频
筵,年
平,情
头,休
深,心
堂,航
门,园
园,门
船,天
床,鸯
中,丛
天,禅
归,违
壶,芜
星,萍
游,头
方,堂
光,苍
隅,徂
横,京
时,私
机,飞
难,官
多,何
年,骞
狼,阳
均,臣
凋,韶
疑,痍
行,兵
荷,歌
城,生
归,衣
时,丝
边,缠
秋,忧
围,归
墙,光
归,违
兵,情
长,荒
来,栽
开,哉
波,多
流,愁
芳,伤
林,音
情,横
轻,营
波,和
堂,方
春,人
隅,芜
然,仙
寥,招
乡,皇
行,旌
游,头
涛,曹
云,闻
郎,墙
坟,闻
年,边
迷,妻
无,途
寒,安
青,听
边,年
稀,依
鹅,何
难,干
坊,香
休,秋
池,垂
瞻,檐
墙,长
堤,溪
深,心
城,生
深,今
年,天
红,中
苔,来
生,情
京,情
奇,吹
今,临
亡,伤
欢,看
斜,巴
根,园
舟,鸥
强,行
消,朝
门,翻
临,襟
山,还
州,休
枝,垂
关,蛮
歌,何
多,波
庄,茫
齐,低
中,蓬
分,群
城,平
娟,贤
门,坤
微,归
头,忧
城,楹
频,人
亭,经
要,飖
昏,存
虚,居
盐,兼
还,关
城,生
圭,迷
期,兹
君,闻
青,屏
沙,家
郎,床
园,餐
黄,长
虚,鱼
违,薇
长,香
红,宫
群,军
家,华
香,床
林,心
齐,低
摧,回
悬,川
家,华
东,丛
溪,迷
川,年
间,班
间,悭
新,银
贫,尘
骑,为
身,邻
功,蓬
门,坤
墙,长
边,传
长,堂
楼,舟
头,舟
侵,心
然,天
蛮,颜
林,金
门,翻
风,中
移,知
人,尘
床,黄
离,奇
前,天
关,攀
临,林
心,深
秋,鸥
仙,天
悲,诗
关,颜
人,嚬
秋,休
辰,人
儒,途
蹄,蹊
园,门
风,中
间,攀
根,门
筹,求
扉,辉
疏,书
开,哀
梳,如
翁,功
流,秋
翁,风
青,听
东,聋
山,还
文,纷
林,心
雷,台
新,秦
清,横
弦,边
开,台
归,微
秋,楼
州,留
船,篇
无,雩
来,开
新,巾
门,繁
刀,毫
城,营
秋,舟
身,新
秋,游
新,神
来,醅
侵,砧
深,襟
楼,秋
行,粳
丝,帷
归,稀
迟,丝
微,违
闻,分
无,呼
中,终
分,群
雷,台
时,悲
含,潭
开,雷
暄,门
眠,边
稀,飞
兵,横
心,吟
辉,归
功,中
杯,来
文,云
非,衣
终,同
难,欢
为,螭
心,深
游,舟
边,怜
蛮,颜
居,渠
城,生
州,忧
春,秦
鸰,星
回,杯
留,楼
难,乾
州,求
风,童
场,妆
腰,姚
明,倾
遮,纱
江,降
烟,年
居,庐
畦,妻
高,操
云,文
云,氲
秋,丘
过,何
人,频
重,峰
辞,诗
中,同
身,神
牵,天
塘,强
舟,留
城,兵
门,恩
悲,诗
来,回
身,沦
频,人
州,愁
贫,新
岑,心
群,纷
饶,萧
枝,离
新,鳞
鱼,如
俱,须
三,南
骝,游
时,丝
多,峨
浓,容
归,辉
船,边
亭,星
长,堂
微,归
红,蓬
多,过
琴,吟
儿,知
绳,凝
船,鲜
船,眠
边,仙
车,霞
头,刘
城,轻
城,情
行,平
安,蟠
閒,还
层,鹏
呼,垆
楼,流
晴,征
名,征
亭,溟
春,筠
斜,嗟
开,回
州,秋
遥,朝
赊,沙
间,攀
摧,回
清,罂
郎,忘
分,军
疏,鱼
游,留
秋,裘
深,金
辞,词
纷,君
家,鸦
簪,潭
新,身
归,薇
云,闻
春,神
年,偏
庭,零
身,臣
沙,槎
开,来
阴,吟
开,哉
臣,巾
魂,尊
茫,方
流,愁
青,萍
来,催
来,哉
戎,风
归,畿
花,沙
新,人
横,行
时,诗
怜,贤
时,诗
兼,潜
亭,冥
传,然
门,论
州,流
滩,阑
为,知
峰,从
劳,臊
真,频
舆,馀
垂,为
盆,村
贫,新
湖,夫
新,银
家,嗟
师,期
隈,开
连,缘
痕,魂
蒸,乘
难,栏
天,泉
惊,城
陂,垂
衣,归
分,群
春,纶
幽,舟
森,襟
时,棋
归,违
黄,将
非,归
时,诗
台,催
幽,舟
前,船
旌,平
幽,求
关,颜
光,湘
高,劳
朝,樵
新,神
仪,池
颜,山
筵,烟
开,堆
声,生
遮,家
中,翁
阴,金
森,砧
通,东
行,长
芳,旁
城,名
朝,樵
秋,州
裳,阳
亭,星
阴,金
回,杯
然,边
州,头
笼,蓬
滨,尘
尘,新
裳,方
鞍,欢
临,吟
来,杯
消,霄
桥,条
秋,忧
微,衣
怜,边
欢,看
窗,缸
稀,围
人,麟
回,台
啼,藜
郊,嘲
游,忧
村,论
开,杯
生,程
华,花
头,愁
攀,还
州,楼
重,农
凄,携
才,开
旗,迟
微,违
何,波
微,肥
来,才
开,哀
居,锄
寒,阑
冥,泾
年,燕
湲,眠
宵,寥
宫,同
哀,材
开,回
人,身
人,尘
人,秦
多,歌
明,行
侵,禁
休,游
销,朝
飞,归
贤,天
间,班
人,唇
残,安
人,巾
悲,思
间,关
忧,游
凉,张
浪,狂
桃,毛
冠,安
来,杯
新,巾
看,难
沙,瓜
钟,慵
何,珂
杯,来
忧,牛
愁,头
成,情
师,疑
蓉,重
衣,归
呦,求
云,分
开,哉
蝉,天
徐,馀
寻,金
山,关
鱼,车
迟,丝
轻,生
胡,呼
过,河
堂,长
军,云
卿,行
何,歌
同,公
怜,年
霄,招
莺,羹
池,知
蛇,赊
梅,来
绵,钱
凉,藏
䍦,儿
文,分
多,歌
庐,鱼
儿,陂
诗,丝
枪,粱
泉,田
诗,迟
鸦,斜
寒,难
高,袍
枝,披
尖,髯
时,丝
愁,浮
多,何
须,酤
虞,垆
悲,疑
灵,铭
腾,冰
飘,骄
遥,朝
风,红
安,寒
移,枝
心,金
论,村
多,蛾
灰,开
人,新
天,前
天,联
生,明
醺,云
楼,休
神,身
居,书
朝,尧
桃,高
多,珂
开,来
迷,低
心,深
轻,清
为,知
匆,空
琳,心
春,新
山,颜
东,红
魂,尊
疏,鱼
冥,形
村,痕
诗,时
由,忧
归,飞
愁,秋
空,风
家,斜
悲,迟
长,骦
微,稀
关,还
来,开
青,星
源,村
泥,西
传,边
沙,瓜
传,泉
山,还
云,分
墙,堂
辉,飞
乾,寒
儿,池
明,生
莲,禅
魂,昏
农,红
河,驼
桃,牢
归,衣
笳,斜
清,城
端,寒
归,机
心,深
亲,晨
衣,微
波,多
疑,辞
除,如
寒,阑
残,难
归,微
城,清
何,戈
平,明
多,过
游,收
波,歌
难,寒
心,今
芒,藏
音,沈
尘,人
尊,门
烟,年
深,沈
眠,悬
栖,低
迟,葵
多,萝
拳,鞭
求,头
船,年
来,开
花,赊
人,巾
朝,桥
裳,香
香,囊
洲,鸥
台,回
丝,迟
皋,曹
西,鼙
池,移
翁,蓬
深,音
居,疏
塘,郎
穷,笼
乾,宽
城,缨
中,功
多,它
西,啼
人,新
生,橙
沙,花
成,生
人,频
声,明
门,园
迟,私
明,生
山,攀
时,诗
舟,游
梨,怡
须,扶
晖,违
亭,听
多,何
颜,还
云,裙
悬,烟
游,留
私,迟
梢,庖
浮,谋
帘,添
条,尧
门,魂
曹,高
来,开
尘,亲
蔬,书
斜,沙
场,香
才,台
辉,稀
看,鞍
迟,期
图,孤
闻,群
茫,长
尘,秦
神,春
边,旋
传,船
明,轻
和,柯
号,高
明,惊
低,栖
沙,嗟
花,斜
清,名
东,通
行,荣
容,龙
同,中
山,斑
分,云
边,钱
才,杯
流,鸥
声,生
中,翁
华,沙
还,山
栖,鞞
存,繁
春,新
边,传
轻,生
游,幽
阴,金
梁,忘
翻,尊
繁,尊
前,偏
行,香
风,通
巅,然
飞,衣
途,凫
萤,铭
留,求
狂,亡
凉,长
无,呼
情,行
旗,迟
围,归
鞍,坛
歌,戈
天,边
望,裳
春,新
朝,遥
迟,词
情,城
多,过
行,惊
机,威
枝,悲
天,泉
州,裘
稀,威
长,香
扉,稀
明,清
茫,皇
回,开
回,来
罗,歌
舟,头
鸯,香
襟,心
轻,生
荆,清
多,歌
凉,长
身,新
途,夫
前,眠
朝,遥
长,光
声,情
留,洲
高,袍
纷,分
长,苍
云,君
川,然
嘶,溪
呼,鼯
端,阑
泠,星
船,天
辉,飞
多,波
乾,盘
忙,荒
求,游
枝,知
帘,沾
凉,香
迷,低
林,吟
声,擎
心,寻
泉,穿
风,翁
材,开
荣,名
生,营
为,枝
吟,深
郎,长
滩,宽
蛇,沙
门,恩
流,休
长,忘
遥,骄
尊,猿
心,深
间,班
流,楼
随,危
山,还
波,多
歌,过
霜,黄
啼,凄
丛,风
云,闻
清,情
悬,烟
翻,喧
稀,飞
楼,筹
生,情
春,身
青,星
朝,销
门,村
疏,如
添,帘
山,斑
名,平
梯,西
时,迟
群,云
亭,醒
涯,华
行,伤
繁,喧
香,尝
墟,锄
归,非
光,房
风,同
闻,云
花,沙
裳,黄
深,吟
泥,蹄
来,哀
天,圆
花,沙
同,风
畦,蹊
泉,焉
山,关
山,颜
匀,春
人,身
池,垂
新,频
童,红
豚,村
王,阳
天,船
航,茫
游,鸥
楼,愁
深,金
钱,船
山,关
心,深
根,尊
宫,同
池,儿
春,神
长,香
知,枝
迁,边
颜,山
金,深
临,侵
舟,流
年,船
时,辞
山,还
巾,轮
裘,楼
身,尘
孤,疏
溪,栖
飧,根
同,丰
还,山
痕,魂
楼,愁
依,稀
虚,鱼
台,来
除,书
童,枫
舟,裘
聋,空
庭,萍
风,童
蛮,间
云,群
阴,深
来,开
人,轮
明,情
天,悬
回,枚
飞,肥
舟,游
秋,裘
天,牵
苏,菰
回,雷
频,人
园,根
高,毛
明,倾
流,愁
人,频
裘,忧
人,频
开,催
深,琴
林,岑
钩,裘
明,声
迟,辞
霏,衣
饥,悲
飞,衣
云,群
孤,图
风,同
云,闻
回,来
疑,丝
参,贪
来,回
尊,村
蝉,船
归,微
明,城
深,禁
违,微
童,风
开,回
纷,闻
归,微
宫,红
寒,柈
匙,随
琴,临
楼,休
天,仙
山,还
鱼,疏
情,声
瘳,楼
人,新
经,亭
来,开
秋,舟
寒,宽
秋,楼
中,翁
章,皇
樵,寥
情,城
华,查
窗,双
眠,偏
书,鱼
携,泥
骚,曹
群,曛
群,文
楼,舟
萝,多
身,新
松,慵
缁,时
翁,穷
人,邻
船,年
王,霜
头,浮
清,明
藩,喧
时,辞
台,开
神,人
春,臣
秋,流
人,春
深,吟
云,闻
苗,飘
知,奇
身,神
蔬,虚
厨,枢
惭,堪
楸,收
迟,悲
何,波
重,供
违,衣
天,筵
青,经
忙,郎
飞,违
同,风
歌,荷
襟,深
为,宜
澄,升
川,圆
边,娟
船,圆
葭,花
浮,秋
清,生
平,名
鸣,城
难,宽
颜,山
灯,增
湖,孤
浮,舟
城,生
程,明
青,星
尘,蘋
沙,花
来,杯
浮,愁
苗,消
华,斜
山,悭
材,苔
情,羹
光,凉
云,文
书,如
邮,秋
愁,优
音,林
时,诗
云,闻
花,赊
南,楠
人,春
飞,稀
群,曛
人,伦
船,前
星,萍
人,新
鸦,斜
回,才
心,深
来,台
秦,人
论,园
黄,良
鸥,州
醒,亭
开,梅
回,台
宫,公
衣,稀
霞,车
春,身
名,城
遗,祠
田,天
旗,词
添,嫌
青,声
天,船
昏,存
游,鸥
寒,看
离,池
重,钟
旄,遭
人,巾
鱼,书
枝,知
昏,存
驯,人
无,儒
人,春
花,瓜
时,迟
杯,来
船,圆
村,门
升,冰
干,餐
牵,筵
鸣,情
枝,移
稀,辉
闻,云
神,恂
丘,游
音,心
兹,诗
稀,飞
郎,长
闱,稀
丝,悲
开,来
愁,浮
天,烟
兵,清
鸥,钩
间,殷
香,妨
毛,曹
箫,桥
春,人
移,知
还,间
传,前
回,来
明,征
花,鸦
风,红
深,心
阴,心
中,功
香,裳
长,香
生,晴
姚,招
愁,鸥
狂,乡
萍,宁
吟,襟
来,台
筵,绵
由,愁
同,宫
新,人
人,身
香,簧
宽,寒
今,侵
开,醅
条,朝
遥,朝
楼,收
飞,违
船,天
冠,寒
江,双
非,衣
秦,身
开,催
凄,鞞
梢,巢
求,韝
昏,魂
来,才
成,明
查,笳
游,秋
间,班
侯,舟
封,供
溪,啼
回,催
丝,时
衣,稀
过,颇
飞,违
台,猜
来,台
鱼,疏
乾,宽
青,醒
边,眠
传,船
摇,樵
中,翁
台,杯
来,梅
唇,麟
神,春
亲,宸
河,萝
城,轻
心,吟
愁,舟
寥,貂
稀,衣
筵,篇
关,颜
巡,神
看,难
亲,真
时,迟
山,还
流,头
央,光
香,凉
高,毫
看,湍
灰,梅
人,身
寒,弹
华,家
重,容
多,过
开,回
头,流
稠,悠
轻,清
时,思
蓉,龙
衣,飞
呦,愁
云,氲
开,回
蝉,毡
徐,躇
寻,吟
山,还
鱼,除
迟,词
轻,行
胡,芜
过,多
堂,忘
军,文
卿,生
何,跎
同,风
怜,然
霄,遥
莺,行
池,披
蛇,家
梅,苔
绵,川
凉,苍
䍦,随
文,纷
多,过
庐,居
儿,篱
诗,期
枪,皇
泉,然
诗,期
鸦,涯
寒,玕
高,醪
枝,池
尖,嫌
时,诗
愁,秋
多,歌
须,吾
虞,无
悲,期
灵,青
腾,称
飘,萧
遥,飙
风,空
安,乾
移,垂
心,簪
论,轩
多,河
灰,来
人,巾
天,年
天,传
生,营
醺,闻
楼,头
神,人
居,初
朝,霄
桃,劳
多,何
开,回
迷,栖
心,侵
轻,情
为,儿
匆,东
琳,吟
春,巾
山,还
东,翁
魂,门
疏,书
冥,醒
村,魂
诗,丝
由,流
归,稀
愁,留
空,东
家,誇
悲,之
长,苍
微,围
关,颜
来,哀
青,坰
源,门
泥,鞞
传,然
沙,花
传,边
山,斑
云,闻
墙,长
辉,威
乾,坛
儿,枝
明,兵
莲,圆
魂,源
农,空
河,过
桃,毫
归,违
笳,鸦
清,生
端,团
归,飞
心,音
亲,真
衣,归
波,跎
疑,兹
除,初
寒,盘
残,看
归,飞
城,情
何,波
平,生
多,罗
游,忧
波,戈
难,看
心,吟
芒,王
音,金
尘,神
尊,喧
烟,鞯
深,林
眠,贤
栖,携
迟,匙
多,何
拳,癫
求,忧
船,前
来,回
花,砂
人,亲
朝,遥
裳,梁
香,长
洲,头
台,哀
丝,时
皋,蒿
西,啼
池,随
翁,同
深,吟
居,如
塘,房
穷,同
乾,难
城,惊
中,同
多,河
西,迷
人,尘
生,名
沙,赊
成,轻
人,真
声,城
门,喧
迟,诗
明,情
山,还
时,期
舟,忧
梨,时
须,愚
晖,归
亭,醒
多,娑
颜,间
云,闻
悬,眠
游,愁
私,之
梢,郊
浮,洲
帘,潜
条,朝
门,论
曹,滔
来,回
尘,真
蔬,如
斜,赊
场,浪
才,梅
辉,扉
看,寒
迟,悲
图,壶
闻,氛
茫,将
尘,春
神,人
边,传
传,悬
明,城
和,波
号,劳
明,鸣
低,蹄
沙,华
花,家
清,生
东,空
行,生
容,胸
同,穷
山,间
分,文
边,泉
才,来
流,游
声,情
中,蓬
华,家
还,斑
栖,泥
存,门
春,频
边,年
轻,情
游,休
阴,心
梁,航
翻,园
繁,门
前,天
行,鸯
风,丛
巅,禅
飞,违
途,芜
萤,萍
留,头
狂,堂
凉,苍
无,徂
情,京
旗,私
围,飞
鞍,官
歌,何
天,骞
望,阳
春,臣
朝,韶
迟,痍
情,兵
多,歌
行,生
机,衣
枝,丝
天,缠
州,忧
稀,归
长,光
扉,违
明,情
茫,荒
回,栽
回,哉
罗,多
舟,愁
鸯,伤
襟,音
轻,横
荆,营
多,和
凉,方
身,人
途,芜
前,仙
朝,招
长,皇
声,旌
留,头
高,曹
纷,闻
长,墙
云,闻
川,边
嘶,妻
呼,途
端,安
泠,听
船,年
辉,依
多,何
乾,干
忙,香
求,秋
枝,垂
帘,檐
凉,长
迷,溪
林,心
声,生
心,今
泉,天
风,中
材,来
荣,情
生,情
为,吹
吟,临
郎,伤
滩,看
蛇,巴
门,园
流,鸥
长,行
遥,朝
尊,翻
心,襟
间,还
流,休
随,垂
山,蛮
波,何
歌,波
霜,茫
啼,低
丛,蓬
云,群
清,平
悬,贤
翻,坤
稀,归
楼,忧
生,楹
春,人
青,经
朝,飖
门,存
疏,居
添,兼
山,关
名,生
梯,迷
时,兹
群,闻
亭,屏
涯,家
行,床
繁,餐
香,长
墟,鱼
归,薇
光,香
风,宫
闻,军
花,华
裳,床
深,心
泥,低
来,回
天,川
花,华
同,丛
畦,迷
泉,年
山,班
山,悭
匀,银
人,尘
池,为
新,邻
童,蓬
豚,坤
王,长
天,传
航,堂
游,舟
楼,舟
深,心
钱,天
山,颜
心,金
根,翻
宫,中
池,知
春,尘
长,黄
知,奇
迁,天
颜,攀
金,林
临,深
舟,鸥
年,天
时,诗
山,颜
巾,嚬
裘,休
身,人
孤,途
溪,蹊
飧,门
同,中
还,攀
痕,门
楼,求
依,辉
虚,书
台,哀
除,如
童,功
舟,秋
聋,风
庭,听
风,聋
蛮,还
云,纷
阴,心
来,台
人,秦
明,横
天,边
回,台
飞,微
舟,楼
秋,留
天,篇
苏,雩
回,开
频,巾
园,繁
高,毫
明,营
流,舟
人,新
裘,游
人,神
开,醅
深,砧
林,襟
钩,秋
明,粳
迟,帷
霏,稀
饥,丝
飞,违
云,分
孤,呼
风,终
云,群
回,台
疑,悲
参,潭
来,雷
尊,门
蝉,边
归,飞
明,横
深,吟
违,归
童,中
开,来
纷,云
归,衣
宫,同
寒,欢
匙,螭
琴,深
楼,舟
天,怜
山,颜
鱼,渠
情,生
瘳,忧
人,秦
经,星
来,杯
秋,楼
寒,乾
秋,求
中,童
章,妆
樵,姚
情,倾
华,纱
窗,降
眠,年
书,庐
携,妻
骚,操
群,文
群,氲
楼,丘
萝,何
身,频
松,峰
缁,诗
翁,同
人,神
船,天
王,强
头,留
清,兵
藩,恩
时,诗
台,回
神,沦
春,人
秋,愁
人,新
深,心
云,纷
苗,萧
知,离
身,鳞
蔬,如
厨,须
惭,南
楸,游
迟,丝
何,峨
重,容
违,辉
天,边
青,星
忙,堂
飞,归
同,蓬
歌,过
襟,吟
为,知
澄,凝
川,鲜
边,眠
船,仙
葭,霞
浮,刘
清,轻
平,情
鸣,平
难,蟠
颜,还
灯,鹏
湖,垆
浮,流
城,征
程,征
青,溟
尘,筠
沙,嗟
来,回
浮,秋
苗,朝
华,沙
山,攀
材,回
情,罂
光,忘
云,军
书,鱼
邮,留
愁,裘
音,金
时,词
云,君
花,鸦
南,潭
人,身
飞,薇
群,闻
人,神
船,偏
星,零
人,臣
鸦,槎
回,来
心,吟
来,哉
秦,巾
论,尊
黄,方
鸥,愁
醒,萍
开,催
回,哉
宫,风
衣,畿
霞,沙
春,人
名,行
遗,诗
田,贤
旗,诗
添,潜
青,冥
天,然
昏,论
游,流
寒,阑
离,知
重,从
旄,臊
人,频
鱼,馀
枝,为
昏,村
驯,新
无,夫
人,银
花,嗟
时,期
杯,开
船,缘
村,魂
升,乘
干,栏
牵,泉
鸣,城
枝,垂
稀,归
闻,群
神,纶
丘,舟
音,襟
兹,棋
稀,违
郎,将
闱,归
丝,诗
开,催
愁,舟
天,船
兵,平
鸥,求
间,颜
香,湘
毛,劳
箫,樵
春,神
移,池
还,山
传,烟
回,堆
明,生
花,家
风,翁
深,金
阴,砧
中,东
香,长
长,旁
生,名
姚,樵
愁,州
狂,阳
萍,星
吟,金
来,杯
筵,边
由,头
同,蓬
新,尘
人,新
香,方
宽,欢
今,吟
开,杯
条,霄
遥,条
楼,忧
飞,衣
船,边
冠,看
江,缸
非,围
秦,麟
开,台
凄,藜
梢,嘲
求,忧
昏,论
来,杯
成,程
查,花
游,愁
间,还
侯,楼
封,农
溪,携
回,开
丝,迟
衣,违
过,波
飞,肥
台,才
来,哀
鱼,锄
乾,阑
青,泾
边,燕
传,眠
摇,寥
中,同
台,材
来,回
唇,身
神,尘
亲,秦
河,歌
城,行
心,禁
愁,游
寥,朝
稀,归
筵,天
关,班
巡,唇
看,安
亲,巾
时,思
山,关
流,游
央,张
香,狂
高,毛
看,安
灰,杯
人,巾
寒,难
华,瓜
重,慵
多,珂
开,来
头,牛
稠,头
轻,情
时,疑
重,龙
归,飞
求,愁
分,氲
哉,回
天,毡
馀,躇
金,吟
关,还
车,除
丝,词
生,行
呼,芜
河,多
长,忘
云,文
行,生
歌,跎
公,风
年,然
招,遥
羹,行
知,披
赊,家
来,苔
钱,川
藏,苍
儿,随
分,纷
歌,过
鱼,居
陂,篱
丝,期
粱,皇
田,然
迟,期
斜,涯
难,玕
袍,醪
披,池
髯,嫌
丝,诗
浮,秋
何,歌
酤,吾
垆,无
疑,期
铭,青
冰,称
骄,萧
朝,飙
红,空
寒,乾
枝,垂
金,簪
村,轩
蛾,河
开,来
新,巾
前,年
联,传
明,营
云,闻
休,头
身,人
书,初
尧,霄
高,劳
珂,何
来,回
低,栖
深,侵
清,情
知,儿
空,东
心,吟
新,巾
颜,还
红,翁
尊,门
鱼,书
形,醒
痕,魂
时,丝
忧,流
飞,稀
秋,留
风,东
斜,誇
迟,之
骦,苍
稀,围
还,颜
开,哀
星,坰
村,门
西,鞞
边,然
瓜,花
泉,边
还,斑
分,闻
堂,长
飞,威
寒,坛
池,枝
生,兵
禅,圆
昏,源
红,空
驼,过
牢,毫
衣,违
斜,鸦
城,生
寒,团
机,飞
深,音
晨,真
微,归
多,跎
辞,兹
如,初
阑,盘
难,看
微,飞
清,情
戈,波
明,生
过,罗
收,忧
歌,戈
寒,看
今,吟
藏,王
沈,金
人,神
门,喧
年,鞯
沈,林
悬,贤
低,携
葵,匙
萝,何
鞭,癫
头,忧
年,前
开,回
赊,砂
巾,亲
桥,遥
香,梁
囊,长
鸥,头
回,哀
迟,时
曹,蒿
鼙,啼
移,随
蓬,同
音,吟
疏,如
郎,房
笼,同
宽,难
缨,惊
功,同
它,河
啼,迷
新,尘
橙,名
花,赊
生,轻
频,真
明,城
园,喧
私,诗
生,情
攀,还
诗,期
游,忧
怡,时
扶,愚
违,归
听,醒
何,娑
还,间
裙,闻
烟,眠
留,愁
迟,之
庖,郊
谋,洲
添,潜
尧,朝
魂,论
高,滔
开,回
亲,真
书,如
沙,赊
香,浪
台,梅
稀,扉
鞍,寒
期,悲
孤,壶
群,氛
长,将
秦,春
春,人
旋,传
船,悬
轻,城
柯,波
高,劳
惊,鸣
栖,蹄
嗟,华
斜,家
名,生
通,空
荣,生
龙,胸
中,穷
斑,间
云,文
钱,泉
杯,来
鸥,游
生,情
翁,蓬
沙,家
山,斑
鞞,泥
繁,门
新,频
传,年
生,情
幽,休
金,心
忘,航
尊,园
尊,门
偏,天
香,鸯
通,丛
然,禅
衣,违
凫,芜
铭,萍
求,头
亡,堂
长,苍
呼,徂
行,京
迟,私
归,飞
坛,官
戈,何
边,骞
裳,阳
新,臣
遥,韶
词,痍
城,兵
过,歌
惊,生
威,衣
悲,丝
泉,缠
裘,忧
威,归
香,光
稀,违
清,情
皇,荒
开,栽
来,哉
歌,多
头,愁
香,伤
心,音
生,横
清,营
歌,和
长,方
新,人
夫,芜
眠,仙
遥,招
光,皇
情,旌
洲,头
袍,曹
分,闻
苍,墙
君,闻
然,边
溪,妻
鼯,途
阑,安
星,听
天,年
飞,依
波,何
盘,干
荒,香
游,秋
知,垂
沾,檐
香,长
低,溪
吟,心
擎,生
寻,今
穿,天
翁,中
开,来
名,情
营,情
枝,吹
深,临
长,伤
宽,看
沙,巴
恩,园
休,鸥
忘,行
骄,朝
猿,翻
深,襟
班,还
楼,休
危,垂
还,蛮
多,何
过,波
黄,茫
凄,低
风,蓬
闻,群
情,平
烟,贤
喧,坤
飞,归
筹,忧
情,楹
身,人
星,经
销,飖
村,存
如,居
帘,兼
斑,关
平,生
西,迷
迟,兹
云,闻
醒,屏
华,家
伤,床
喧,餐
尝,长
锄,鱼
非,薇
房,香
同,宫
云,军
沙,华
黄,床
吟,心
蹄,低
哀,回
圆,川
沙,华
风,丛
蹊,迷
焉,年
关,班
颜,悭
春,银
身,尘
垂,为
频,邻
红,蓬
村,坤
阳,长
船,传
茫,堂
鸥,舟
愁,舟
金,心
船,天
关,颜
深,金
尊,翻
同,中
儿,知
神,尘
香,黄
枝,奇
边,天
山,攀
深,林
侵,深
流,鸥
船,天
辞,诗
还,颜
轮,嚬
楼,休
尘,人
疏,途
栖,蹊
根,门
丰,中
山,攀
魂,门
愁,求
稀,辉
鱼,书
来,哀
书,如
枫,功
裘,秋
空,风
萍,听
童,聋
间,还
群,纷
深,心
开,台
轮,秦
情,横
悬,边
枚,台
肥,微
游,楼
裘,留
牵,篇
菰,雩
雷,开
人,巾
根,繁
毛,毫
倾,营
愁,舟
频,新
忧,游
频,神
催,醅
琴,砧
岑,襟
裘,秋
声,粳
辞,帷
衣,稀
悲,丝
衣,违
群,分
图,呼
同,终
闻,群
来,台
丝,悲
贪,潭
回,雷
村,门
船,边
微,飞
城,横
禁,吟
微,归
风,中
回,来
闻,云
微,衣
红,同
柈,欢
随,螭
临,深
休,舟
仙,怜
还,颜
疏,渠
声,生
楼,忧
新,秦
亭,星
开,杯
舟,楼
宽,乾
楼,求
翁,童
皇,妆
寥,姚
城,倾
查,纱
双,降
偏,年
鱼,庐
泥,妻
曹,操
曛,文
文,氲
舟,丘
多,何
新,频
慵,峰
时,诗
穷,同
邻,神
年,天
霜,强
浮,留
明,兵
喧,恩
辞,诗
开,回
人,沦
臣,人
流,愁
春,新
吟,心
闻,纷
飘,萧
奇,离
神,鳞
虚,如
枢,须
堪,南
收,游
悲,丝
波,峨
供,容
衣,辉
筵,边
经,星
郎,堂
违,归
风,蓬
荷,过
深,吟
宜,知
升,凝
圆,鲜
娟,眠
圆,仙
花,霞
秋,刘
生,轻
名,情
城,平
宽,蟠
山,还
增,鹏
孤,垆
舟,流
生,征
明,征
星,溟
蘋,筠
花,嗟
杯,回
愁,秋
消,朝
斜,沙
悭,攀
苔,回
羹,罂
凉,忘
文,军
如,鱼
秋,留
优,裘
林,金
诗,词
闻,君
赊,鸦
楠,潭
春,身
稀,薇
曛,闻
伦,神
前,偏
萍,零
新,臣
斜,槎
才,来
深,吟
台,哉
人,巾
园,尊
良,方
州,愁
亭,萍
梅,催
台,哉
公,风
稀,畿
车,沙
身,人
城,行
祠,诗
天,贤
词,诗
嫌,潜
声,冥
船,然
存,论
鸥,流
看,阑
池,知
钟,从
遭,臊
巾,频
书,馀
知,为
存,村
人,新
儒,夫
春,银
瓜,嗟
迟,期
来,开
圆,缘
门,魂
冰,乘
餐,栏
筵,泉
情,城
移,垂
辉,归
云,群
恂,纶
游,舟
心,襟
诗,棋
飞,违
长,将
稀,归
悲,诗
来,催
浮,舟
烟,船
清,平
钩,求
殷,颜
妨,湘
曹,劳
桥,樵
人,神
知,池
间,山
前,烟
来,堆
征,生
鸦,家
红,翁
心,金
心,砧
功,东
裳,长
香,旁
晴,名
招,樵
鸥,州
乡,阳
宁,星
襟,金
台,杯
绵,边
愁,头
宫,蓬
人,尘
身,新
簧,方
寒,欢
侵,吟
醅,杯
朝,霄
朝,条
收,忧
违,衣
天,边
寒,看
双,缸
衣,围
身,麟
催,台
鞞,藜
巢,嘲
韝,忧
魂,论
才,杯
明,程
笳,花
秋,愁
班,还
舟,楼
供,农
啼,携
催,开
时,迟
稀,违
颇,波
违,肥
猜,才
台,哀
疏,锄
宽,阑
醒,泾
眠,燕
船,眠
樵,寥
翁,同
杯,材
梅,回
麟,身
春,尘
宸,秦
萝,歌
轻,行
吟,禁
舟,游
貂,朝
衣,归
篇,天
颜,班
神,唇
难,安
真,巾
迟,思
还,关
头,游
光,张
凉,狂
毫,毛
湍,安
梅,杯
身,巾
弹,难
家,瓜
容,慵
过,珂
回,来
流,牛
悠,头
清,情
思,疑
